customer_id,customer_name,customer_age
WCID5170,Elijah Taylor,30
WCID5901,Alexis Ross,58
WCID5652,Carla Knox,23
WCID5578,Matthew Beard,61
WCID5905,Julie Reese,80
WCID5218,William Bryan,73
WCID5625,Alex Berry,74
WCID5165,David Mccoy,59
WCID5018,Mark Mcmahon,78
WCID5857,Douglas Roth,81
WCID5945,Danielle White,26
WCID5047,Cory Spencer,81
WCID6044,Tim Johnson,63
WCID6144,Maria Guerra,56
WCID5548,Marie Edwards,47
WCID5978,Raymond Chavez,30
WCID5040,Amy Harrison,72
WCID5880,Crystal Gibson,40
WCID5716,Julie Murray,23
WCID5208,James Bates,89
WCID5935,Julian Rowe,84
WCID5002,Angelica Wilson,72
WCID6203,Collin Jones,35
WCID6060,Mrs. Jennifer Lewis,59
WCID5594,Robert Odonnell,45
WCID5817,Angela Bradley,67
WCID5236,Danielle Weaver,38
WCID6085,Lawrence Cain,43
WCID5559,Zachary Hampton,40
WCID5556,Crystal Lucas,22
WCID5065,Bruce Ruiz,48
WCID5379,Sarah Wright,19
WCID5743,Justin Williams,78
WCID5288,Jessica Hicks,52
WCID5973,Courtney Aguilar,33
WCID5726,Darrell Bennett,64
WCID6022,Edward Thomas,50
WCID5643,James Harris,21
WCID5735,Michael Hicks,49
WCID5573,Andrea Sanchez,61
WCID5947,David Skinner MD,88
WCID6237,Kari Reed,69
WCID5561,Susan Chavez,69
WCID5245,Dale Stevens,48
WCID5698,Crystal Smith,44
WCID5808,Patrick Spears,80
WCID6025,Cynthia Hebert,84
WCID5781,Megan Rhodes,86
WCID5439,Zachary Thompson,71
WCID5511,David Hicks,89
WCID5496,Rose Baldwin,60
WCID5068,Steven Wilson,43
WCID5762,Matthew Osborne,74
WCID5221,Deborah French,18
WCID6136,Robert Skinner,89
WCID5228,Mr. Gregory Luna,25
WCID5318,Katie Mendez,84
WCID5897,Zachary Peterson,71
WCID6182,Jonathan Hinton,47
WCID6043,Joshua Thompson,79
WCID5474,Paige Wilson,43
WCID5530,Carlos Hansen,31
WCID5363,Michelle Smith,40
WCID5985,James Berry,61
WCID6162,Christopher Green,77
WCID6154,Ellen Rice,84
WCID6161,Maria Ross,80
WCID5481,Colin Stephenson,73
WCID5669,James White,54
WCID5339,Jerry Mullen,64
WCID5414,Melissa Brown,84
WCID5866,Nancy Pena DDS,70
WCID5019,Sarah Davidson,59
WCID5457,Tonya Webb,52
WCID5240,Jennifer Wilson,53
WCID5227,Keith Huerta,56
WCID5332,Brian Bender,31
WCID5755,Melissa Gutierrez,43
WCID5845,Deanna Walters,70
WCID5838,Krista Cohen,41
WCID5075,Ruben Stevenson,24
WCID5580,Tina Greene,33
WCID5549,Alisha Klein,59
WCID5263,John Bryan,53
WCID5134,Marcus Anderson,67
WCID5789,Lisa Freeman,38
WCID6071,Stacey Hodge,90
WCID6073,Lori Brooks,64
WCID6202,Teresa Smith,22
WCID6164,Karen Moore,47
WCID5962,Julie Williams,87
WCID5593,Victor Gonzalez,86
WCID5896,Maurice Howard,57
WCID5800,Amanda Brown,30
WCID5435,Sandra Walter,28
WCID5433,Laura Daniels,70
WCID5890,Evelyn Young,49
WCID5820,Edward Henry,73
WCID5877,Miguel Ramsey,47
WCID5949,Amy Petersen,40
WCID5198,Jacqueline Oneal,64
WCID6227,Angela Johnson,23
WCID5411,Kylie Evans,79
WCID5912,Russell Harris,82
WCID5834,David Harris,79
WCID5932,Dean Coleman,67
WCID6083,Joseph Mckinney,24
WCID6029,Karen Good,33
WCID5605,Adam Hernandez,76
WCID5826,Jacqueline Hughes,68
WCID5154,Scott Clay,31
WCID5856,Karen Smith,61
WCID5280,Anthony Taylor,36
WCID5562,Rachel Johnson,76
WCID5028,Allison Barker,88
WCID6104,Amanda Hill,69
WCID5520,John Cole,85
WCID5182,Ronald Torres,26
WCID5587,Linda Ruiz,88
WCID6034,Troy Erickson,50
WCID5535,Raymond Conrad,77
WCID5231,Toni Hernandez,81
WCID5791,James Johnson,51
WCID5155,Brittany Morse,34
WCID5338,Lauren Padilla,73
WCID5287,Jonathan Black,76
WCID5806,Jessica Wilson,76
WCID5434,April Church,41
WCID5181,Joseph Davis,82
WCID5077,Andrew Schmidt,31
WCID5753,Chad Hudson,31
WCID5829,Bryan Rios,69
WCID5769,Stephanie Thomas,35
WCID5256,Lance Galloway,83
WCID5681,John Spence,30
WCID5672,Dana Gutierrez,19
WCID5014,David Jackson,35
WCID5046,James Hopkins,38
WCID5766,Vanessa Johnston,60
WCID5125,Hunter Smith,33
WCID5875,Robert Guerrero,47
WCID5297,Michelle Hill,40
WCID5201,Dominique Morse,87
WCID6042,Tara Nelson,73
WCID5685,Shelley Gould,85
WCID5465,Margaret Fleming,60
WCID5505,Catherine Hill,26
WCID5432,Mrs. Holly Gallegos,83
WCID5005,Dawn Tucker,85
WCID5259,Adam Mata,44
WCID5733,Joseph Perry,61
WCID6072,Rebecca Young,80
WCID6169,Kevin Reyes,77
WCID5635,Robert Brown,87
WCID5271,David Griffith,51
WCID6069,Jonathan Barry,80
WCID5818,Ashley Ball DVM,81
WCID5784,Elizabeth Landry,67
WCID5537,Donald Chen,38
WCID5120,Dawn Williams,82
WCID5012,Jorge Allen,80
WCID5664,Tracy Price,24
WCID6070,Katie Brown,74
WCID5928,Donald Martinez,25
WCID5052,Joseph Mcintosh,46
WCID5062,Joanna Bush,26
WCID5185,Daniel Gallagher,23
WCID5700,Jenny Martin,18
WCID5776,Scott Cummings,89
WCID5633,Vicki Perez,43
WCID6150,Connie Downs,86
WCID5998,Michael King,83
WCID5225,Adrian Griffith,31
WCID5333,Lisa Martinez,41
WCID5662,Erik Lee,82
WCID5291,Timothy Nelson,53
WCID6058,Kara Price,85
WCID5273,Andrew Price,34
WCID6103,Kathleen Nunez,64
WCID6195,Ashley Smith,47
WCID5825,James Mann,64
WCID6231,Crystal Caldwell,29
WCID5606,Amy Fields,59
WCID5934,Sylvia Miller,52
WCID5304,Mark Santana,64
WCID5709,Regina Becker,70
WCID5303,Megan Patel,66
WCID5566,Gregory Ryan,65
WCID5045,Jessica Robinson,23
WCID5216,Elizabeth Robertson,33
WCID6132,Sandra Brown,18
WCID5651,Laurie Phillips,25
WCID5773,Tamara Gregory,72
WCID5431,Alexandria Grimes,61
WCID5021,Beth Wong,41
WCID5055,Julie Holland,42
WCID5111,Peter Daniels,72
WCID5667,Frank Watson,34
WCID5675,Stephanie Carroll,85
WCID5601,Dominic Richardson,46
WCID5832,Laura Mitchell,90
WCID5071,Anthony Rodriguez,38
WCID6178,Susan Reilly,59
WCID5729,Sharon Allen,45
WCID5858,Vanessa Payne,58
WCID5736,Candice Robinson,89
WCID6076,Wayne Willis,74
WCID5697,Linda Perry,90
WCID5430,Denise Thornton,69
WCID5458,William Pineda,84
WCID6194,Jonathon Robinson,82
WCID5975,Jonathan Golden,18
WCID5707,Alicia Williams,69
WCID5114,Jasmine Lee,57
WCID5519,David Walsh,25
WCID5085,Paul Mclean,80
WCID5107,Joyce Sims,67
WCID5254,April Ray,31
WCID5380,Joseph Guerrero,60
WCID5387,Heidi Dillon,63
WCID5053,Melanie Austin,79
WCID5950,Stephanie Barron,64
WCID6112,Robert Gonzales,86
WCID5340,Dr. Jeremy Hill,83
WCID5049,Mary Reese,40
WCID6005,Matthew Smith,45
WCID5319,Tyler Mills,56
WCID6213,Ryan Warren,54
WCID5089,Sally Saunders,47
WCID5416,Lisa Silva,80
WCID5283,Daniel White,89
WCID5677,Kristen Lucas,87
WCID5752,Colleen Lopez,46
WCID5720,Lindsay Estrada,36
WCID5521,Whitney Kelly,53
WCID5104,Sherry Taylor,88
WCID6126,Virginia Young,63
WCID5403,Maria Evans,28
WCID5346,Robert Cook,47
WCID5628,Sarah James,58
WCID5121,Joel Stephenson,75
WCID5072,Samantha Potter,73
WCID5532,Deanna Parsons,77
WCID5568,Robin Russell,18
WCID5022,Katherine Greer,45
WCID5824,Adam Rice,27
WCID5076,Rachel Butler,59
WCID5783,Abigail Hawkins,56
WCID5992,Caitlyn Gaines,50
WCID5626,Melissa Anderson,64
WCID5070,John Martinez,31
WCID6122,Pamela Davis,74
WCID5711,Matthew Barker,46
WCID5276,Johnny Warren,76
WCID6091,Isaiah Mueller,53
WCID5374,Brandy Lucero,72
WCID5455,Hannah Hernandez,56
WCID5964,John Scott,35
WCID5180,William Owens,65
WCID5541,Amy Walker,66
WCID5031,John Cooper,68
WCID5367,James Alexander,74
WCID6056,Brandi Martin,64
WCID6218,Michael Espinoza,87
WCID5841,Eric Stewart,66
WCID6214,Christine Hernandez,22
WCID5132,Dawn Maxwell,40
WCID5977,Brianna Shaw,84
WCID5727,John Gutierrez,71
WCID5007,Timothy Daniel,18
WCID6086,Philip Rivas,24
WCID5149,Taylor Davis,90
WCID5361,Kathleen Boone,64
WCID5495,Jason Smith,24
WCID6131,Mary Little,35
WCID5284,Michael Ewing,62
WCID5611,Leah Deleon,38
WCID5080,Jennifer Davis,56
WCID5527,Kevin Barber,39
WCID5946,Katherine Brown,19
WCID5638,Angela Brock,52
WCID6155,Michael Daniels,66
WCID5337,Benjamin Harvey,36
WCID5386,Brandon Lee,40
WCID5285,Lauren Serrano,60
WCID5279,Jordan Sanchez,23
WCID5020,John Mora,83
WCID5356,David Garcia,25
WCID5222,Rebekah Martinez,63
WCID5983,Kimberly Smith,49
WCID5863,Gary Booker,61
WCID6187,Michael Key,41
WCID5860,Robert Sanchez,21
WCID6033,Michelle Taylor,57
WCID6193,Michael Wilson,83
WCID5770,David Warner,23
WCID5239,Tammy Bryant,30
WCID5851,Vicki Thomas,41
WCID5484,Melvin Carson,35
WCID5836,Angela Smith,24
WCID6009,Caitlyn Smith,54
WCID5895,Donna Solis,42
WCID5108,Thomas Taylor,46
WCID5067,Debra Hoffman,49
WCID6147,Samantha Lang,31
WCID5050,Bruce Williams,87
WCID5790,Jessica Robbins,86
WCID5723,Michael Smith,26
WCID5412,Stephanie Jennings,57
WCID5289,Brandon Young,64
WCID5265,Heather Norris,50
WCID5668,Dr. Alicia Hernandez DVM,87
WCID5615,Anthony Hill,32
WCID5212,Kayla Spence,31
WCID5786,Kimberly Gonzalez,32
WCID5864,Lisa Ortiz,58
WCID5399,Joel Burke,82
WCID5923,Kenneth Brown,19
WCID5850,Victoria Frank,22
WCID5722,Alan Oliver,64
WCID5567,Megan Bridges,57
WCID6145,Cody Smith,33
WCID5966,Kimberly Gonzalez,49
WCID5401,Tommy Harvey,59
WCID5547,Peter Lee,87
WCID5508,Darin Lawrence,54
WCID5943,Tracey Huynh,38
WCID5376,Stephanie Roach,19
WCID5696,Jordan Farmer,40
WCID5030,Heather Mitchell,23
WCID5309,Katelyn Larsen,23
WCID6140,Shelly Cross,49
WCID5232,Ashley Mueller,23
WCID6007,Donna Smith,72
WCID5468,Robert Barnes,22
WCID5775,Amy Russell,49
WCID5879,Natalie Fisher MD,65
WCID5545,Peter Romero,64
WCID5621,Jared Simpson,88
WCID5538,William Kennedy,36
WCID5907,Dr. Kelly Taylor,31
WCID5195,Brian Wilson,20
WCID5004,James Martinez,35
WCID5683,Jason Bolton,28
WCID5295,Mark Spencer,45
WCID6095,Cory Stephens,20
WCID5592,Justin Knight,73
WCID5073,George Daniels,67
WCID5654,Erin Vazquez,31
WCID5396,Sarah Velazquez,83
WCID6105,Bryan Cardenas,70
WCID5308,Aaron Hansen,90
WCID6067,Jack Rich,39
WCID5569,Henry Camacho,43
WCID5092,William Golden,79
WCID5712,Gerald Norton,57
WCID6018,Mrs. Susan Smith,44
WCID6089,Christopher Bailey,87
WCID5944,Michael Walker,84
WCID5715,Kathleen Powell,49
WCID6142,Thomas Wright,68
WCID5639,Robert Smith,29
WCID6054,Linda Brown,82
WCID5647,Stephen Mckenzie,19
WCID5679,Paul Williams,47
WCID5464,Francisco Parrish,36
WCID5885,Daniel Anderson,90
WCID5351,Steven Decker,84
WCID5499,Julie Evans,62
WCID5779,Michael Stewart,90
WCID5951,Amy Wilson,79
WCID5742,Jason Glenn,84
WCID5821,Dylan Chen,87
WCID5145,Joshua Davis,34
WCID5640,Sarah Gentry,24
WCID5853,Allison Logan,54
WCID5557,Amber Hansen,21
WCID5275,Nathaniel Sanders Jr.,36
WCID5410,Christopher Johnson,56
WCID5623,Kathryn Mullen,50
WCID6079,Nathan King,35
WCID6216,Johnny Wyatt,47
WCID5428,Matthew Marquez,63
WCID5117,David Cline,81
WCID6152,Corey Owens,18
WCID5087,David Hines,62
WCID5551,Mr. Jamie Orr,30
WCID5987,Christopher Ball,84
WCID5335,Gregory Warren,46
WCID5741,Billy Johnson,62
WCID5843,Jerry Adams,43
WCID5124,Brittany Martin,73
WCID5048,Amber Reed,73
WCID5703,Yvonne Harmon,26
WCID5350,Gregory Harrison,25
WCID5268,Charles Moses,67
WCID5636,Isaiah Lawson,39
WCID5553,Steven Goodwin,51
WCID5192,Rachel King,57
WCID5543,Joshua Lewis,76
WCID5948,Kurt Curtis,76
WCID5589,Darlene Andersen,52
WCID5524,Tyler Mann,67
WCID5230,Terry White,36
WCID5370,Ryan Robertson,43
WCID5175,Miguel West,78
WCID6128,Robert Wilson,23
WCID5188,Rhonda Strong,52
WCID6159,Megan West,36
WCID5281,Steven Doyle,78
WCID5017,Nicholas Juarez,59
WCID5491,Kara Kline,62
WCID5211,Joel Anderson,37
WCID5408,Omar Barton,27
WCID5034,Laura Green,84
WCID6148,Danielle Sexton,76
WCID5459,Shannon Romero,69
WCID5591,Logan Nelson,49
WCID6119,Justin Fowler,83
WCID5409,April Hall,31
WCID5282,Dawn Malone,70
WCID5813,Jessica Donovan,50
WCID5959,Stephen Higgins,81
WCID5027,Christina May,57
WCID5247,Tina Perry,48
WCID5494,Megan Peterson,38
WCID5197,Caitlyn Velasquez,59
WCID5033,Shawn Garcia,48
WCID5292,John Mcbride,61
WCID5916,Stacy Williams,18
WCID5500,Kyle Trujillo,32
WCID5110,James Black,70
WCID5536,Michael Tyler,72
WCID5136,Yvette Nicholson,58
WCID5059,Beth Martin,81
WCID5758,Natasha Simon,32
WCID5164,Keith Jones,27
WCID5179,Heather Martinez,59
WCID5653,Matthew Roberts,66
WCID5472,Amy Thompson,57
WCID5102,James Branch,60
WCID5517,Todd Griffith,25
WCID5044,Adam Johnson,42
WCID5929,Christina Pope,72
WCID5220,Anthony Frank,71
WCID5748,Ralph Bradford,58
WCID5660,Stephen Barnes,62
WCID5061,Mark Rice,27
WCID5565,Victoria Hill,28
WCID5329,Allen Byrd,26
WCID5872,Marc Patterson,36
WCID5873,Samantha Alvarez,19
WCID6181,Charles Hernandez,67
WCID5264,Tiffany Gonzalez,78
WCID5620,Patrick Martin,72
WCID5982,Stephanie Lee,85
WCID5395,Zachary Bell,68
WCID5717,James Boyle,22
WCID5369,Michael Frazier,23
WCID5898,Emily Wells,29
WCID6110,Nicole Solis,21
WCID5941,Kristin Allen,31
WCID5925,Mr. Kenneth Patel,81
WCID5917,Franklin Cruz,27
WCID5938,Stephen Cook,87
WCID6064,Lisa Cox,80
WCID5670,Jason Flores,49
WCID6051,James Weaver,34
WCID5074,Stephanie Taylor,49
WCID5810,Thomas Wallace,65
WCID5171,Stefanie Ryan,68
WCID6196,David Davis,70
WCID5456,Alexis Stewart,55
WCID5725,Jeremy Robinson,19
WCID5908,Tyler Ramirez,50
WCID5162,Mr. Marcus Park,54
WCID5193,Monique Ochoa,77
WCID5585,Robert Vasquez,24
WCID5534,Timothy Wright MD,31
WCID5739,Rebecca Hayes,50
WCID6088,Mark Padilla,76
WCID5618,Michelle Rivera,49
WCID6165,Daniel Evans,46
WCID5539,Kimberly Willis,65
WCID5796,Rebecca Valenzuela,54
WCID5507,Amy Watson,40
WCID5794,Christina Watts,30
WCID5588,Christina Russell,76
WCID5115,Jo Powers,28
WCID5354,Mary Hernandez,66
WCID5137,Brian Williams,77
WCID5405,Linda Santos,59
WCID5223,Robert Rojas,37
WCID5226,Richard Wheeler MD,58
WCID5887,James Bailey,80
WCID5913,Mrs. Anna Jackson,69
WCID5418,Tiffany Shelton,74
WCID5680,James Baker,28
WCID5599,Natalie Fisher,26
WCID5852,Jacqueline Maldonado,67
WCID5328,Christine Garcia,68
WCID5444,Hannah Weber,52
WCID5921,Lynn Blackwell,36
WCID5732,Jordan Hawkins,67
WCID5600,Chad Hernandez,67
WCID6157,Jacqueline Barajas,50
WCID5307,Mr. Jeffrey Willis,86
WCID5924,John Olson,25
WCID5341,Jackson Ramirez,78
WCID6006,Barbara Norris,28
WCID5931,Misty Mayo,81
WCID5196,Justin Hill,39
WCID5910,Robin Miller,56
WCID5269,Wendy Moran,80
WCID6151,Jeffrey Lewis,61
WCID5347,Crystal Mayer,43
WCID5705,Dennis Summers,70
WCID5359,Amanda Frank,48
WCID5835,Johnny Taylor,51
WCID6024,Daniel Hall,45
WCID5327,Barbara Gray,45
WCID5911,Joseph Sims,36
WCID5419,Stephen Garcia,64
WCID6210,Jeffrey Foster,66
WCID5462,Lacey Jackson,80
WCID5365,Travis Carr,23
WCID5516,Ann Ramirez,89
WCID5199,Maureen Hughes,41
WCID5533,Amy Wheeler,46
WCID5724,Donald Bush,21
WCID6102,Diana Miller,88
WCID5999,Kevin Thomas,52
WCID5763,Meredith White,43
WCID5757,Danny Grant,25
WCID5449,Mrs. Brenda Wilson,79
WCID5358,Linda Gregory,68
WCID5131,James Vargas,78
WCID5138,Kimberly Dennis,75
WCID6001,Kenneth Mann,87
WCID6186,John Campbell,63
WCID5123,James Young,56
WCID5497,Melissa Pittman,58
WCID5656,Amy Johnson,73
WCID5955,Kenneth Lee,21
WCID6230,Tammy Banks,68
WCID5344,William Johnson,32
WCID6137,George Mccann,19
WCID5448,Hannah Hicks,55
WCID5467,Leah James,25
WCID6179,Jacob Simpson,24
WCID5637,Nancy Torres,45
WCID5891,Christine Rodriguez,38
WCID5764,Seth Shea,88
WCID6225,Troy Walker,84
WCID5163,Michael Faulkner,29
WCID5971,Sheri Woodward,47
WCID5893,Allen Rodriguez,59
WCID5576,Cindy Pitts,51
WCID5772,Michael Barton,18
WCID6049,James Hughes,60
WCID5209,John Williams,68
WCID5001,Clayton Huff,66
WCID5260,Danielle Boyer,65
WCID6050,Tracy Armstrong,43
WCID6061,Cynthia Hicks,90
WCID5957,Jasmine Thompson,26
WCID5608,Angela Williams,38
WCID5503,Marvin Flowers,79
WCID5423,Tiffany Ryan,54
WCID5888,Jason Cummings,29
WCID5812,Michael Lowe,30
WCID5219,Brett Young,85
WCID6026,Dean Graham,88
WCID6234,James Pitts,90
WCID5657,Michael Evans,64
WCID5003,Lisa Marquez,20
WCID5874,Kristina Dillon,32
WCID5286,Megan Castro,60
WCID6228,Trevor Cox,49
WCID6134,Jackie Sparks,47
WCID5564,Brandon Phillips,50
WCID5011,Jesus Green,59
WCID6040,Kenneth Schroeder,80
WCID5210,Jamie Jones,18
WCID5135,Madison Nelson,23
WCID5322,Patrick Brandt,73
WCID5203,Caitlin Evans,58
WCID6075,Mary Vasquez,48
WCID5234,Cassandra Norton,37
WCID6106,Dean Willis,52
WCID5870,Jason Gallagher,70
WCID5168,Matthew Price,34
WCID5868,Ms. Michelle Murphy,71
WCID6167,Jeremy Frederick,28
WCID6109,Angela Casey,45
WCID5352,Tyler Johnson,81
WCID5688,Alexandra Dougherty,64
WCID5206,David Reynolds,75
WCID6037,Alan Paul,68
WCID5169,Karen Hess,60
WCID5830,Mark Delgado,46
WCID5846,Heather Perry,79
WCID5972,David Morris,70
WCID6217,Michael Simon,74
WCID5837,Samantha Smith,23
WCID5241,Jake Liu Jr.,39
WCID6031,Jackie Lopez,51
WCID5940,Daniel Wade,37
WCID5119,Richard Anderson,33
WCID6000,Tina Mccann,68
WCID5823,Gary Guerrero,39
WCID6004,Marissa Fleming,49
WCID5200,Ashley Campbell,79
WCID5057,Melanie Farmer,65
WCID5961,Terry Greer,71
WCID5609,Beth Bell,60
WCID5909,Angela Leach,37
WCID5819,Cheryl Woodard,28
WCID5461,Susan Mccoy,68
WCID5979,Travis Lamb,32
WCID5238,Olivia Wise,27
WCID5436,Cody Miles,53
WCID5574,Dr. Zachary Nelson III,44
WCID6099,Aaron Gillespie,63
WCID5437,William Gibson,39
WCID6115,Margaret Smith,68
WCID5300,Mckenzie Liu,42
WCID5438,Jackie Walker,33
WCID5747,Robin Harper,90
WCID6096,Holly Stewart,76
WCID5382,Taylor Jackson,25
WCID5252,Christine Dean,24
WCID5345,David Brooks,22
WCID5768,Connie Higgins,38
WCID5334,Kathryn White,28
WCID5189,Samuel Mayo,58
WCID5892,Travis Hamilton,51
WCID5803,Sydney Hooper,57
WCID5088,Mrs. Heidi Gray,35
WCID5078,Stephanie Lin,77
WCID5486,Norman Coffey,23
WCID5787,Gregory Foley,32
WCID5038,Stephanie Ryan,62
WCID5266,Jodi Thomas,44
WCID5778,Joshua Brown,90
WCID5043,Rachel Deleon,87
WCID5540,Barbara Pruitt,70
WCID5385,Michelle Miller,39
WCID5710,Janet Smith,66
WCID6108,Richard Smith,59
WCID5865,Lisa Garcia,44
WCID6063,Alex Humphrey,78
WCID5976,Dr. Ross Watson,51
WCID5305,Benjamin Mitchell,28
WCID5659,Angela Smith,81
WCID6081,Jacob Parker,26
WCID5270,Scott Page,54
WCID5051,Terri Bean,40
WCID5244,John Tate,61
WCID5487,Joshua Mccoy,31
WCID6046,Shannon Carney,25
WCID5839,Deborah Sullivan,43
WCID5039,Jennifer Woods,65
WCID6003,Cheryl Walker,56
WCID5780,Angel Scott,37
WCID5101,Christina Walker,73
WCID5392,Ruben Nichols,55
WCID6220,Chad Ochoa,38
WCID5604,Jessica Stevens,78
WCID5554,Brian Miller,41
WCID5629,Heather Pineda,59
WCID5316,Jane Smith,34
WCID5321,James Alvarado,74
WCID6229,Joseph Lamb,57
WCID5081,Mr. Gregory Lane MD,66
WCID5518,Tiffany Haynes,71
WCID5799,Eileen Daniel,73
WCID5299,James Brooks,74
WCID5661,Dr. Anna Johnson,89
WCID5372,Paul Edwards,53
WCID5177,Danielle Wilson,40
WCID5394,Lauren Chapman,51
WCID5488,Amy Owens,29
WCID5745,Andrew Curtis,33
WCID5355,Rebecca Hughes,82
WCID5204,Allison Ayers,33
WCID5127,Cheryl Wright,78
WCID5902,Anthony Myers,41
WCID5362,Michael Myers,61
WCID5581,Lisa Crawford,61
WCID5442,John Bell,34
WCID5152,Amber Smith,90
WCID5326,Henry Hubbard,52
WCID6047,Elizabeth Saunders,36
WCID5686,Larry Tran,32
WCID6173,Kara Thompson,24
WCID6172,Brian Bryan,43
WCID5570,Rodney Frey,52
WCID5793,John Leonard,29
WCID6080,Shelley Phillips,89
WCID5336,Ryan Logan,49
WCID5306,Courtney Castro,28
WCID5721,Andrea Castro,37
WCID6036,James Frost,88
WCID5384,Jennifer Mendoza,48
WCID5272,Laura Mercado,70
WCID6146,Sheila Smith,40
WCID5079,Robert Ferrell,62
WCID6197,Wesley Ramsey,53
WCID5701,Stephanie Stewart,54
WCID5906,Christopher Smith,25
WCID6190,Leah Davis,22
WCID5042,Daniel Phillips,85
WCID5927,Elizabeth Barnes,82
WCID5420,Denise Stevens,66
WCID6153,Regina Wright,44
WCID5246,Eric Nicholson,51
WCID5243,James Gilbert,31
WCID5202,Christy Dennis,51
WCID5054,Casey Thompson,76
WCID5314,Tonya Warren,48
WCID5673,Amber Bell,67
WCID6149,Rebecca Crawford,34
WCID5687,Tracy Beasley,28
WCID5360,Ryan Jones,51
WCID5809,Joyce Ewing,85
WCID5113,Mr. Austin Lester,34
WCID5512,Jessica Jackson,35
WCID5933,Jennifer Wright,89
WCID6211,Rebecca Mcdaniel,24
WCID5713,Heather Eaton,23
WCID5158,Terry Carlson,32
WCID5331,Jason King,89
WCID5427,Nicholas Burns,48
WCID5478,Chad Strong,78
WCID5215,Charles Ruiz,35
WCID5859,Carlos Jones,86
WCID5480,Olivia West,83
WCID5167,Tyler Grant,32
WCID6170,Ruben Hernandez,88
WCID5795,Richard Bryant,56
WCID5150,Peggy Howe,30
WCID5207,Heather Irwin,29
WCID5172,Lisa Anderson,34
WCID6180,Sydney Reed,51
WCID5967,Monica Powell,66
WCID5257,Robert Hall,43
WCID5797,Julie Anderson,85
WCID6053,Tracy Nguyen,41
WCID5690,Mr. Reginald Reed,81
WCID6082,Victor Davis,82
WCID5963,Jordan Mendoza,36
WCID5767,Michelle Montgomery,26
WCID6139,Jacob Scott,37
WCID5740,Timothy Nguyen,59
WCID5191,John Bishop,31
WCID6201,Joshua Williams,32
WCID5183,Jill Pierce,89
WCID5528,Christina Brown,18
WCID6212,Victoria Fields,86
WCID6160,Brandon Richmond,77
WCID5251,Matthew Baker,77
WCID5550,Amy Wu,50
WCID6068,Eric Bailey,21
WCID5804,Kathryn Henderson,54
WCID5294,Richard Davis,86
WCID5584,Robert Walton,77
WCID6124,Shannon Garcia,46
WCID5144,Donald Horton,37
WCID5391,Christian Haynes,56
WCID6223,Stephanie Ford,48
WCID5214,Michael Harris,71
WCID5187,Juan Collier,23
WCID6039,Matthew Lutz,72
WCID5613,William Anthony,81
WCID5324,James Johnson,62
WCID5024,Ariel Winters,80
WCID5571,Jonathan Powell,74
WCID6017,Lisa Perez,41
WCID5470,Nichole Vasquez,62
WCID6077,Amanda Thomas,27
WCID6185,Barbara Maxwell,27
WCID5025,Mr. Louis Arroyo,67
WCID5658,Michael Roberts,61
WCID5642,Adriana Pope,88
WCID5320,Cynthia Smith,80
WCID5714,Frances Wilson,76
WCID6019,Stephen Jennings,56
WCID5249,Jeffrey Smith,77
WCID5994,Michelle Cole,20
WCID5313,Jonathan Wilson,41
WCID5575,Samantha Kelly,41
WCID6129,Regina Wilson,64
WCID5446,Andrew Shaw,70
WCID6199,Lisa Myers,74
WCID5610,Lauren Meyers,68
WCID5250,Susan Stevens,63
WCID6158,Janet Hawkins,24
WCID6208,Alexandra Smith,47
WCID5388,Daniel Parks,32
WCID6233,Robert Davis,61
WCID5325,Eric Meyer,59
WCID5663,Cheryl Medina,40
WCID5627,Elizabeth Robinson,39
WCID5056,Gabriela Barton,72
WCID5706,Stephanie Walker,75
WCID6041,Melissa Zamora,36
WCID6045,Zachary Campbell,60
WCID5645,Jennifer Jordan,18
WCID5630,Stephanie Harris,67
WCID5426,Mark Avila,47
WCID5622,Anne Edwards,39
WCID5157,Jason Hall,49
WCID6021,Kevin Gates,79
WCID5919,Johnny Barron,84
WCID5460,April Butler,77
WCID5515,William Collins,39
WCID5903,Sharon Allen,34
WCID5555,Kimberly Brown,27
WCID5413,Heidi Taylor,71
WCID6143,Alexa Finley,61
WCID5311,Omar Allen,46
WCID5407,Micheal Powell,57
WCID5920,Daniel Mays,66
WCID5646,Linda Smith,64
WCID6114,Melissa Foster DVM,61
WCID5788,Timothy Rodriguez,25
WCID5064,Leonard Jones,47
WCID5489,Joshua Cunningham,75
WCID5648,Brian Spence,75
WCID5377,Brett White,63
WCID6135,Randall Martinez,60
WCID5641,Dylan Smith,78
WCID6238,Michael Lloyd,61
WCID5378,Michael Miller,80
WCID5984,Christopher Dickerson,71
WCID6111,Claudia English,54
WCID5353,Mandy Ford,81
WCID5833,Eric Velez,67
WCID5730,John Ward,83
WCID5302,Christopher Brown,44
WCID5665,Peter Jenkins,24
WCID5153,Brandy Reed,67
WCID6002,Terri Bass,83
WCID5619,William Roberts,27
WCID5632,Todd Whitney,41
WCID5178,Jacob White,19
WCID6206,Mr. Jeffrey Proctor,20
WCID5139,Shannon Cross,80
WCID5129,Christopher Nguyen,45
WCID5867,Jose Jennings,85
WCID5349,Patricia Jacobs,86
WCID5523,Cynthia Oliver,36
WCID5759,Justin Barker,75
WCID5980,Tyler Santos,21
WCID5097,Sandra Porter,43
WCID5490,Brooke Hines,41
WCID5274,Ashley Herrera,54
WCID6013,Robert Olson,63
WCID5915,Jerry Munoz,34
WCID5765,Michael York,43
WCID5514,Mr. Eric Richards,35
WCID6107,Jonathan Rivera,29
WCID5035,Cynthia Keller,64
WCID5037,Amy Leblanc,46
WCID5454,Travis Foster,78
WCID6093,Albert Cochran,43
WCID6084,Brett Marshall,48
WCID6012,David Wilson,77
WCID5506,Cynthia Williams,47
WCID5756,Jordan Harmon,27
WCID6057,Randy Harrington,22
WCID5904,James Sparks,44
WCID5099,Anthony Acosta,65
WCID5381,Victoria Diaz,75
WCID6100,Lori Colon,85
WCID5315,Christopher Chapman,62
WCID5811,Jordan Rowe,69
WCID5513,Phillip Castro,77
WCID5471,Marie Conner,73
WCID5400,Daniel Brown,69
WCID6235,Christopher Fleming,60
WCID5398,Valerie Miranda,65
WCID6098,Holly Hayes,79
WCID5118,Stephanie Love,83
WCID5529,William Young,74
WCID6215,Kayla Dominguez,28
WCID5827,Lindsey Jones,57
WCID5937,Eric Crawford DDS,52
WCID5194,Madison Guerrero,88
WCID5106,Ashley Clark,68
WCID5184,Kayla Smith,20
WCID5918,Ryan Zavala,41
WCID5445,Johnathan Campbell,64
WCID6038,Kayla Williams,55
WCID5671,Amanda Sanchez,73
WCID5013,Patrick Campbell,62
WCID5451,Andrew Hogan,86
WCID5822,Justin Hill,23
WCID5098,Courtney Thomas,49
WCID5777,Lisa Adams,39
WCID5371,Victoria Finley,90
WCID5224,Stacey Davis,68
WCID6236,Jay Wright,22
WCID5840,Lori Bowman,21
WCID5954,Wendy Santos PhD,49
WCID5213,Lisa Cruz,62
WCID5146,Cindy Lucas,33
WCID5855,Dawn Webster,20
WCID6020,Holly Wright,46
WCID6097,Bruce Anderson,70
WCID5744,Alan Gonzales,20
WCID5501,Charles Foster,55
WCID5482,Sarah Saunders,52
WCID6166,Belinda Hodges,25
WCID5878,Mary Vang,41
WCID6192,Craig Perez,45
WCID5525,Danielle Parker,31
WCID5290,Crystal Fletcher,35
WCID5749,Christine Garcia,66
WCID5774,Kristen Kennedy,77
WCID5100,Mark Orr,36
WCID5441,Michael Mcintosh,84
WCID5583,Bradley Anderson,29
WCID6191,Johnny Strong,82
WCID5103,Kelsey Christensen,39
WCID5531,Peggy White,63
WCID6062,Joseph Blair,59
WCID5699,Taylor Barnett,63
WCID6052,Betty Holmes,59
WCID6209,Penny Jones,52
WCID5899,Jon Hoffman,32
WCID5889,Mason Williams,58
WCID6175,Bridget Anderson,62
WCID5602,Alexis Nguyen,43
WCID5869,Leslie Thomas,63
WCID6226,Michelle Gill,86
WCID6035,Kathleen Oliver,79
WCID5452,Becky Williams,77
WCID5579,Matthew Lopez,78
WCID5440,Stephen Morrison,68
WCID5854,Mary Mccarty,30
WCID5738,Raymond Gallagher,70
WCID5991,Jessica Simpson,62
WCID5466,Stacey Howe,53
WCID5922,Mr. Alan Santos,84
WCID5805,April Santana,74
WCID5953,Heather Jackson,46
WCID5882,Taylor Aguirre,60
WCID5160,Jermaine Johnson,51
WCID5930,Ronald Ross,78
WCID6156,Joseph King,82
WCID6011,Janet Reid,89
WCID5421,Megan James,76
WCID5296,Jason Lee,77
WCID5737,Jonathan Munoz,66
WCID5624,Derek Lyons,82
WCID5447,Larry Patterson,25
WCID5009,Andrea Mccarty,86
WCID5996,John Soto,47
WCID5876,Tara Phillips,80
WCID5036,Rhonda Murphy,36
WCID5926,Paul Grant,47
WCID6205,Amber Ruiz,58
WCID5914,David Jordan,26
WCID5802,Linda Young,77
WCID5128,Shaun Long,32
WCID5342,Gregory Flores,26
WCID5142,Jennifer Leon,44
WCID5792,Maria Combs,28
WCID5612,Elizabeth Rios,28
WCID6087,Jessica Cobb,67
WCID5406,Andrew Gilbert,61
WCID5522,Paul Tran,90
WCID6117,Monica Thomas,37
WCID5235,Rebecca Little,50
WCID6130,David Lutz,81
WCID5463,Cheryl Simmons,21
WCID6066,Krista Lee,58
WCID5989,Deborah Boyd,79
WCID5956,Christopher Randall,49
WCID5942,Andrew Carrillo,71
WCID6232,Frederick Cisneros,32
WCID5590,Lawrence Cohen,23
WCID5649,Jonathan Stevens,54
WCID5595,Ann Kelly,28
WCID5477,Sarah Benjamin,76
WCID6204,Adam Whitehead,51
WCID5871,Rebecca Fisher,43
WCID6023,Peter Davis,75
WCID5607,David Elliott,44
WCID5066,Stephen Howard,25
WCID5093,Kristi Pham,32
WCID5995,Lorraine Pennington,84
WCID5473,Megan Davis,63
WCID6125,Jeffery Burton,50
WCID5126,Eileen Humphrey,65
WCID6118,Michael Pierce,50
WCID5883,Jerry Burton,79
WCID5130,Ashley Gonzales,88
WCID6207,Kevin Lyons,62
WCID5563,Christopher Bass,69
WCID5492,Mike Kennedy,19
WCID5981,Kathleen Chase,65
WCID5939,Andrea Casey,57
WCID5560,David Smith,25
WCID5310,Susan Johns,34
WCID5493,Patricia Fitzgerald,34
WCID5509,Michelle Lopez,74
WCID5986,Sean Singleton,74
WCID5450,David Kline,49
WCID5682,Cody Reyes,82
WCID6138,Jessica Gutierrez,51
WCID5617,John Bell,64
WCID5293,Tina Cordova,31
WCID5650,Kimberly Rojas,18
WCID5312,John Anderson,54
WCID5693,Alexander Love,55
WCID6113,Latoya Barber,53
WCID5848,Jill Barrett,66
WCID5229,Billy Holden,74
WCID5348,John Robinson,18
WCID5577,Aaron Fry,61
WCID5389,Jose Chapman,68
WCID6174,Deborah Solis,28
WCID5704,Alicia Charles,84
WCID6120,Haley Buckley,49
WCID5881,Olivia Lozano,83
WCID5029,Ryan Baker,24
WCID5771,Kristen Burton,69
WCID6121,Debbie Ball,25
WCID5373,John Williams,29
WCID5417,Carol Wallace,59
WCID5849,Mary Griffith,22
WCID5060,Alicia Mckinney,43
WCID5614,Justin Scott,44
WCID6074,James Thompson,58
WCID5731,Kristine Green,51
WCID5750,Heather Smith,80
WCID6094,Reginald Sullivan,86
WCID5248,William Peterson,44
WCID5233,Mr. Patrick West,67
WCID6200,Daniel Moses,70
WCID5965,Alex Ochoa,52
WCID5475,Marvin Stokes,75
WCID6016,Lisa Ward,40
WCID5082,Jennifer Norris,62
WCID5166,Kyle Weiss,49
WCID5479,Christopher Banks,46
WCID5847,Stephanie Davis,23
WCID6014,Stephanie Craig,19
WCID5147,Katie Mcdaniel,60
WCID5424,Theodore Li,52
WCID5510,James Patton,54
WCID6092,Jacob Wallace,40
WCID5261,Samantha Davis,18
WCID6032,Karen Wagner,49
WCID6078,Mary Wright,32
WCID5205,Tina Farmer,62
WCID5277,Brent Hall,37
WCID5390,James Cohen,74
WCID5397,Joel Gutierrez,27
WCID5429,Ralph Dunn,39
WCID5016,Joseph White,74
WCID5084,Matthew Powers,32
WCID5572,Dustin Ruiz,35
WCID5041,Brad Jones,34
WCID5558,David Wilson,46
WCID5631,John Patterson,82
WCID5253,Joseph Reilly,48
WCID5375,Arthur Garrison,81
WCID5526,Leah Morris,31
WCID5655,Kenneth Cole,35
WCID5702,Kristina Valdez,88
WCID5634,Joe Bentley,41
WCID5116,Brian Kirk,30
WCID5469,Mark Martinez,68
WCID5708,Claudia Moore,52
WCID5782,Jon Murphy,82
WCID5952,Morgan Smith,31
WCID5616,Scott Estrada,20
WCID5969,Mr. Maxwell Johnson,19
WCID5597,Betty Young,36
WCID6127,Edward Mcdonald,74
WCID5156,Kevin Tran,46
WCID5186,Sonya Mason,62
WCID5598,Carrie Padilla,24
WCID5544,Richard Harris,39
WCID5091,Eric Taylor,53
WCID5190,Anthony Jones,33
WCID6030,Edward Gonzalez,70
WCID5422,Mrs. Rachel Mcpherson,69
WCID5862,Arthur Jordan,86
WCID5357,John Bowen,62
WCID5006,Tracy Taylor,90
WCID5798,Robert Humphrey,62
WCID5676,Veronica Bradford,67
WCID5504,Denise Evans,28
WCID6123,Patricia Briggs,87
WCID5684,George Baird,48
WCID5364,Frederick Lewis,87
WCID5689,Jonathan Martin,78
WCID5596,Kristen Marsh,56
WCID5402,Brandon Parker,82
WCID5894,Calvin Combs,45
WCID5476,Louis Baker,33
WCID5023,Dominique Hill,87
WCID5814,Ryan Nguyen,63
WCID6027,Heidi Ingram,56
WCID5546,Lawrence Hoover,69
WCID5968,Mr. Kyle Gomez,22
WCID5140,Sara Kim,52
WCID5176,Jorge Blackburn,78
WCID5542,Elizabeth Russell,66
WCID6028,Jacob Fleming,34
WCID5383,Michael Perry,39
WCID5173,Jeffrey Wilson,87
WCID5242,William Proctor,85
WCID6189,Tiffany Gay,80
WCID5151,Joseph Reyes,34
WCID6010,Frederick Webb,75
WCID6219,Antonio Young,62
WCID5718,Nicole Cannon,24
WCID5069,Alyssa Ochoa,21
WCID6224,Michael Elliott,53
WCID6188,Latasha Stein,87
WCID5015,Ms. Natalie Krause DVM,38
WCID5970,Linda Gonzalez,41
WCID5255,Christian Cannon,37
WCID6116,Brenda Wyatt,79
WCID5936,Alexis Harris,75
WCID5816,David Chan,22
WCID6184,Juan Gibson,23
WCID5425,Anthony Mejia,56
WCID5988,Brittany Reeves,59
WCID5404,Amy Miller,70
WCID5237,Lauren Wilson,18
WCID5993,Devin Olson,75
WCID5094,Ryan Glover,60
WCID5974,Crystal Davis DVM,58
WCID5498,Sarah Salas MD,89
WCID5754,Katie Taylor,74
WCID5734,Denise Ellis,56
WCID5105,Raven Gonzalez,39
WCID5502,Lori Hanson,60
WCID5900,Wayne Harris,88
WCID5141,Carlos Harris,28
WCID5317,Robert Moody,79
WCID5343,Monique Bryant,45
WCID5746,Victor Berry,18
WCID6133,Patty Thomas,74
WCID5678,Brandon Guerrero,39
WCID6059,Savannah Long,55
WCID5159,Lisa Brown,24
WCID5719,Regina Hess,24
WCID5694,Tammy Hernandez,29
WCID5298,Christopher Parker,49
WCID5751,Patrick Sanchez,40
WCID5393,Bailey Alexander,39
WCID5443,Gregory Vega,30
WCID5143,Shane Powell,63
WCID5815,Richard Lee,49
WCID5278,Anthony Oliver,77
WCID5603,Andrew Sullivan,59
WCID6101,Daniel Faulkner,81
WCID5095,Mary Bradley,89
WCID5644,Mariah Holloway,76
WCID5552,Evan Smith,65
WCID5674,Michael Decker,74
WCID6168,James Woodard,35
WCID5262,Elizabeth Rogers,38
WCID5728,Donald Boyd,35
WCID5801,Jeremiah Martinez,33
WCID5415,Heather Graham,44
WCID6055,Becky Clark,46
WCID5010,Felicia Harrington,18
WCID5692,Martha Whitehead,28
WCID5586,Justin Baker,82
WCID5217,Sara Roberts,22
WCID5090,David Bender,63
WCID5330,Michael Guerra,59
WCID6015,Kristin Gill,51
WCID5366,Taylor Montoya,48
WCID6176,Amanda Rodriguez,24
WCID5000,Dustin Spencer,38
WCID5828,Zachary Conrad,88
WCID5323,William Terrell,87
WCID5761,Richard Shah,77
WCID6048,Amy Hayes,87
WCID5785,Rachel Stone,22
WCID5960,Jamie Parker,43
WCID5666,Jennifer Gonzalez,65
WCID5453,Candice Turner,57
WCID6171,Brandon Abbott,51
WCID5148,Michael Brown,87
WCID5958,Hannah Brady DVM,34
WCID5032,Christian Sanchez,18
WCID5990,Michelle Nichols,88
WCID5760,Paula Carney,84
WCID6008,David Henderson,41
WCID5258,Grace Hughes,50
WCID5691,Daniel Ellis,27
WCID6198,Kevin Lee,19
WCID5058,Steven Long,34
WCID5267,Dr. Patricia Harrison MD,55
WCID5026,Alison Robles,20
WCID6222,Mark Santos,58
WCID5807,William Leach,54
WCID5133,Angela Graves,18
WCID5174,April Rogers,37
WCID5886,Christopher Fox,46
WCID5695,Jessica Rodgers,28
WCID5096,Nicole Manning,56
WCID5831,Joanna French,60
WCID5485,Anthony Bender DVM,39
WCID6163,Jennifer Kennedy,90
WCID5301,Eric Kelly MD,48
WCID5997,Rachael Thomas DDS,77
WCID5008,Christopher Martin,53
WCID6065,Michelle Henry,62
WCID5483,Dr. Dana Bowen,59
WCID5844,Derrick Thompson,76
WCID6183,Kathleen Fitzgerald,74
WCID5063,Patricia Dougherty,69
WCID6221,Danielle Garcia,25
WCID5842,Joseph Dawson,83
WCID6141,Brenda Mcintosh,88
WCID5161,Lisa Meza,81
WCID5086,Kevin Henry,71
WCID5861,Marcus Brown,41
WCID5582,Stephen Parker,74
WCID5083,Nicole James,47
WCID5122,Cynthia Johnson,28
WCID5368,Angela Cox MD,24
WCID5109,Julia Johnson,24
WCID5112,Yvonne Moran,84
WCID6090,Mary Mueller,53
WCID6177,Matthew Rodriguez,70
WCID5884,Holly Ramirez,72